{
    "last": {
        "test_loss": 1.0742270946502686,
        "test_acc": 0.6234592795372009
    },
    "best": {
        "test_loss": 1.0164554119110107,
        "test_acc": 0.6765216588973999
    }
}