{
    "last": {
        "test_loss": 0.5253803133964539,
        "test_acc": 0.8361742496490479
    },
    "best": {
        "test_loss": 0.37866777181625366,
        "test_acc": 0.8816288709640503
    }
}