{
    "last": {
        "test_loss": 0.4172302782535553,
        "test_acc": 0.8106061220169067
    },
    "best": {
        "test_loss": 0.3120371699333191,
        "test_acc": 0.8901515603065491
    }
}