{
    "last": {
        "test_loss": 1.0187610387802124,
        "test_acc": 0.7743055820465088
    },
    "best": {
        "test_loss": 0.4944785535335541,
        "test_acc": 0.8333333730697632
    }
}