{
    "last": {
        "test_loss": 0.4087199568748474,
        "test_acc": 0.8807785511016846
    },
    "best": {
        "test_loss": 0.4062362611293793,
        "test_acc": 0.8866286277770996
    }
}