{
    "last": {
        "test_loss": 1.7938597202301025,
        "test_acc": 0.5347222685813904
    },
    "best": {
        "test_loss": 1.0909600257873535,
        "test_acc": 0.6145833730697632
    }
}