{
    "last": {
        "test_loss": 0.6743098497390747,
        "test_acc": 0.5566025376319885
    },
    "best": {
        "test_loss": 0.5833609700202942,
        "test_acc": 0.7035974264144897
    }
}