{
    "last": {
        "test_loss": 0.8178965449333191,
        "test_acc": 0.700757622718811
    },
    "best": {
        "test_loss": 0.6271596550941467,
        "test_acc": 0.7462121844291687
    }
}